row,invoice_no,TI-01,TI-02,TI-03,TI-04,TI-05,TI-06,TI-06b,TI-07,TI-08,TI-09,TI-10,planted
1,EV-001,pass,pass,pass,pass,pass,pass,pass,pass,pass,pass,pass,zero-width spaces in title (pass after normalisation)
2,EV-002,pass,pass,pass,pass,pass,pass,pass,pass,pass,pass,pass,full-width digits in tax ID (pass after normalisation)
3,EV-003,pass,pass,pass,pass,pass,pass,pass,pass,pass,pass,pass,tax ID with dashes (pass)
4,EV-004,pass,pass,fail,pass,pass,pass,pass,pass,pass,pass,pass,placeholder N/A buyer
5,EV-005,pass,pass,fail,pass,pass,pass,pass,pass,pass,pass,pass,whitespace-only address
6,EV-006,pass,pass,pass,pass,pass,pass,pass,pass,pass,pass,pass,head office abbreviation with dot (pass)
7,EV-007,pass,pass,pass,pass,pass,pass,pass,pass,pass,pass,pass,Thai numerals in Buddhist-era date (pass)
8,EV-008,pass,pass,pass,pass,pass,pass,pass,pass,pass,pass,pass,thousands separators (pass)
9,EV-009,needs_expert,pass,pass,pass,pass,pass,pass,pass,pass,pass,pass,abbreviated tax invoice title: not a full invoice (ask expert)
10,EV-010,pass,pass,pass,pass,pass,pass,pass,pass,pass,pass,pass,decomposed vowel ํา in title (pass after Unicode normalisation)
