รายงานภาษีขาย เดือนกันยายน 2569,,,,,,,,,,,,,,,,,
ชื่อผู้ประกอบการ: บริษัท สยามพาร์ท แมนูแฟคเจอริ่ง จำกัด,,,,,,,,,,,,,,,,,
,,,,,,,,,,,,,,,,,
เลขที่ใบกำกับ,วันที่,ชื่อเอกสาร,ชื่อผู้ขาย,ที่อยู่ผู้ขาย,เลขผู้เสียภาษีผู้ขาย,สาขาผู้ขาย,ชื่อลูกค้า,ที่อยู่ลูกค้า,เลขผู้เสียภาษีลูกค้า,สาขาลูกค้า,ลูกค้าจด VAT,รายการ,จำนวน,ราคาต่อหน่วย,มูลค่าก่อน VAT,ภาษีมูลค่าเพิ่ม,รวมทั้งสิ้น
SP6909-001,03/09/2569,ใบกำกับภาษี/ใบส่งของ,บริษัท สยามพาร์ท แมนูแฟคเจอริ่ง จำกัด,88/8 ม.4 นิคมอุตสาหกรรมบางปู ต.แพรกษา อ.เมือง จ.สมุทรปราการ 10280,0105558123451,สำนักงานใหญ่,บริษัท ไทยออโต้ บอดี้ จำกัด,199 ถ.บางนา-ตราด กม.23 อ.บางเสาธง จ.สมุทรปราการ 10570,0105547003211,สำนักงานใหญ่,Y,ขายึดกันชนหน้า เหล็กชุบซิงค์,400,18.50,7400.00,518.00,7918.00
SP6909-001,03/09/2569,ใบกำกับภาษี/ใบส่งของ,บริษัท สยามพาร์ท แมนูแฟคเจอริ่ง จำกัด,88/8 ม.4 นิคมอุตสาหกรรมบางปู ต.แพรกษา อ.เมือง จ.สมุทรปราการ 10280,0105558123451,สำนักงานใหญ่,บริษัท ไทยออโต้ บอดี้ จำกัด,199 ถ.บางนา-ตราด กม.23 อ.บางเสาธง จ.สมุทรปราการ 10570,0105547003211,สำนักงานใหญ่,Y,สกรูหัวจม M8x20,2000,1.25,2500.00,175.00,2675.00
SP6909-001,03/09/2569,ใบกำกับภาษี/ใบส่งของ,บริษัท สยามพาร์ท แมนูแฟคเจอริ่ง จำกัด,88/8 ม.4 นิคมอุตสาหกรรมบางปู ต.แพรกษา อ.เมือง จ.สมุทรปราการ 10280,0105558123451,สำนักงานใหญ่,บริษัท ไทยออโต้ บอดี้ จำกัด,199 ถ.บางนา-ตราด กม.23 อ.บางเสาธง จ.สมุทรปราการ 10570,0105547003211,สำนักงานใหญ่,Y,บูชยาง กันสะเทือน,600,6.00,3600.00,252.00,3852.00
SP6909-002,05/09/2569,ใบกำกับภาษี/ใบส่งของ,บริษัท สยามพาร์ท แมนูแฟคเจอริ่ง จำกัด,88/8 ม.4 นิคมอุตสาหกรรมบางปู ต.แพรกษา อ.เมือง จ.สมุทรปราการ 10280,0105558123451,สำนักงานใหญ่,บริษัท อีสเทิร์น แพ็คเกจจิ้ง จำกัด,7/12 นิคมอุตสาหกรรมอมตะซิตี้ ต.มาบยางพร อ.ปลวกแดง จ.ระยอง 21140,0105539007777,สาขาที่ 00002,Y,แผ่นเหล็กพับขึ้นรูป 1.2 มม.,1500,3.20,4800.00,588.00,8988.00
SP6909-002,05/09/2569,ใบกำกับภาษี/ใบส่งของ,บริษัท สยามพาร์ท แมนูแฟคเจอริ่ง จำกัด,88/8 ม.4 นิคมอุตสาหกรรมบางปู ต.แพรกษา อ.เมือง จ.สมุทรปราการ 10280,0105558123451,สำนักงานใหญ่,บริษัท อีสเทิร์น แพ็คเกจจิ้ง จำกัด,7/12 นิคมอุตสาหกรรมอมตะซิตี้ ต.มาบยางพร อ.ปลวกแดง จ.ระยอง 21140,0105539007777,สาขาที่ 00002,Y,ขาแขวนสแตนเลส,300,12.00,3600.00,588.00,8988.00
SP6909-003,08/09/2569,ใบกำกับภาษี/ใบส่งของ,บริษัท สยามพาร์ท แมนูแฟคเจอริ่ง จำกัด,88/8 ม.4 นิคมอุตสาหกรรมบางปู ต.แพรกษา อ.เมือง จ.สมุทรปราการ 10280,0105558123451,สำนักงานใหญ่,บริษัท ชลบุรี เมทัลเวิร์ค จำกัด,55 ม.2 ต.หนองขาม อ.ศรีราชา จ.ชลบุรี 20230,0205561004580,,Y,ชิ้นงานกลึง CNC เพลา 25 มม.,120,85.00,10200.00,714.00,10914.00
SP6909-004,10/09/2569,ใบกำกับภาษี/ใบส่งของ,บริษัท สยามพาร์ท แมนูแฟคเจอริ่ง จำกัด,88/8 ม.4 นิคมอุตสาหกรรมบางปู ต.แพรกษา อ.เมือง จ.สมุทรปราการ 10280,0105558123451,สำนักงานใหญ่,บริษัท เคพี ฟู้ด โปรดักส์ จำกัด,120 ถ.เพชรเกษม อ.สามพราน จ.นครปฐม 73110,0105562044110,สำนักงานใหญ่,Y,ฝาปิดถังอลูมิเนียม,800,9.50,7600.00,532.00,8132.00
SP6909-004,10/09/2569,ใบกำกับภาษี/ใบส่งของ,บริษัท สยามพาร์ท แมนูแฟคเจอริ่ง จำกัด,88/8 ม.4 นิคมอุตสาหกรรมบางปู ต.แพรกษา อ.เมือง จ.สมุทรปราการ 10280,0105558123451,สำนักงานใหญ่,บริษัท เคพี ฟู้ด โปรดักส์ จำกัด,120 ถ.เพชรเกษม อ.สามพราน จ.นครปฐม 73110,0105562044110,สำนักงานใหญ่,Y,ค่าบริการพ่นสีกันสนิม,0,4500.00,0.00,0.00,0.00
SP6909-005,12/09/2569,ใบกำกับภาษี/ใบส่งของ,บริษัท สยามพาร์ท แมนูแฟคเจอริ่ง จำกัด,88/8 ม.4 นิคมอุตสาหกรรมบางปู ต.แพรกษา อ.เมือง จ.สมุทรปราการ 10280,0105558123451,สำนักงานใหญ่,บริษัท ไทยออโต้ บอดี้ จำกัด,199 ถ.บางนา-ตราด กม.23 อ.บางเสาธง จ.สมุทรปราการ 10570,105547003211,สำนักงานใหญ่,Y,ขายึดกันชนหลัง เหล็กชุบซิงค์,350,19.00,6650.00,465.50,7115.50
SP6909-006,15/09/2569,ใบกำกับภาษี/ใบส่งของ,บริษัท สยามพาร์ท แมนูแฟคเจอริ่ง จำกัด,88/8 ม.4 นิคมอุตสาหกรรมบางปู ต.แพรกษา อ.เมือง จ.สมุทรปราการ 10280,0105558123451,สำนักงานใหญ่,บริษัท อีสเทิร์น แพ็คเกจจิ้ง จำกัด,7/12 นิคมอุตสาหกรรมอมตะซิตี้ ต.มาบยางพร อ.ปลวกแดง จ.ระยอง 21140,0105539007777,สาขาที่ 00002,Y,กล่องลูกฟูก 5 ชั้น ขนาด 40x60,2000,14.00,28000.00,1890.00,29890.00
SP6909-007,18/09/2569,ใบเสร็จรับเงิน,บริษัท สยามพาร์ท แมนูแฟคเจอริ่ง จำกัด,88/8 ม.4 นิคมอุตสาหกรรมบางปู ต.แพรกษา อ.เมือง จ.สมุทรปราการ 10280,0105558123451,สำนักงานใหญ่,บริษัท เคพี ฟู้ด โปรดักส์ จำกัด,120 ถ.เพชรเกษม อ.สามพราน จ.นครปฐม 73110,0105562044110,สำนักงานใหญ่,Y,ถาดสแตนเลสเกรดอาหาร,250,65.00,16250.00,1137.50,17387.50
SP6909-008,20/09/2569,ใบกำกับภาษี/ใบส่งของ,บริษัท สยามพาร์ท แมนูแฟคเจอริ่ง จำกัด,88/8 ม.4 นิคมอุตสาหกรรมบางปู ต.แพรกษา อ.เมือง จ.สมุทรปราการ 10280,0105558123451,สำนักงานใหญ่,บริษัท ชลบุรี เมทัลเวิร์ค จำกัด,55 ม.2 ต.หนองขาม อ.ศรีราชา จ.ชลบุรี 20230,0205561004580,สาขาที่ 00001,Y,ชิ้นงานกลึง CNC หน้าแปลน,60,240.00,14400.00,1008.00,15408.00
