invoice_no,book_no,issue_date,doc_title,seller_name,seller_address,seller_tax_id,seller_branch,buyer_name,buyer_address,buyer_tax_id,buyer_branch,buyer_is_vat_registrant,item_desc,qty,unit_price,amount_ex_vat,vat_amount,total
INV2611-0001,,2026-11-02,ใบกำกับภาษี/ใบเสร็จรับเงิน,บริษัท แพรว สกิน แล็บ จำกัด,99/9 ถ.พระราม 9 แขวงห้วยขวาง เขตห้วยขวาง กรุงเทพฯ 10310,0105649095905,สำนักงานใหญ่,ห้างหุ้นส่วนจำกัด เชียงใหม่ ช็อป,45 ถ.นิมมานเหมินท์ อ.เมือง จ.เชียงใหม่ 50200,0105881462717,สำนักงานใหญ่,Y,ครีมกันแดด SPF50 50 มล.,2,450.00,900.00,63.00,963.00
INV2611-0002,,2026-11-03,ใบเสร็จรับเงิน,บริษัท แพรว สกิน แล็บ จำกัด,99/9 ถ.พระราม 9 แขวงห้วยขวาง เขตห้วยขวาง กรุงเทพฯ 10310,0105649095905,สำนักงานใหญ่,นางสาวมาลี ใจดี,88/1 ม.3 ต.บางพลีใหญ่ อ.บางพลี จ.สมุทรปราการ 10540,,,N,โทนเนอร์ไฮยาลูรอน 150 มล.,3,320.00,960.00,67.20,1027.20
INV2611-0003,,2026-11-04,TAX INVOICE,บริษัท แพรว สกิน แล็บ จำกัด,99/9 ถ.พระราม 9 แขวงห้วยขวาง เขตห้วยขวาง กรุงเทพฯ 10310,0105649095905,สำนักงานใหญ่,นายสมชาย รักษ์ดี,7 ซ.ลาดพร้าว 101 เขตบางกะปิ กรุงเทพฯ 10240,,,N,มาสก์หน้าแผ่น กล่อง 10 ชิ้น,4,290.00,1160.00,81.20,1241.20
INV2611-0004,,2026-11-05,ใบกำกับภาษี/ใบเสร็จรับเงิน,บริษัท แพรว สกิน แล็บ จำกัด,99/9 ถ.พระราม 9 แขวงห้วยขวาง เขตห้วยขวาง กรุงเทพฯ 10310,0105649095908,สำนักงานใหญ่,บริษัท โคราช เฮลท์ จำกัด,301 ถ.มิตรภาพ อ.เมือง จ.นครราชสีมา 30000,0105653919763,สำนักงานใหญ่,Y,คลีนเซอร์โฟม 100 มล.,1,250.00,250.00,17.50,267.50
INV2611-0005,,2026-11-06,ใบกำกับภาษี/ใบเสร็จรับเงิน,บริษัท แพรว สกิน แล็บ จำกัด,99/9 ถ.พระราม 9 แขวงห้วยขวาง เขตห้วยขวาง กรุงเทพฯ 10310,0105649095905,สำนักงานใหญ่,บริษัท สยามบิวตี้ เทรดดิ้ง จำกัด,,0105807438590,สำนักงานใหญ่,Y,เซรั่มวิตามินซี 30 มล.,2,390.00,780.00,54.60,834.60
INV2611-0006,,2026-11-07,ใบกำกับภาษี/ใบเสร็จรับเงิน,บริษัท แพรว สกิน แล็บ จำกัด,99/9 ถ.พระราม 9 แขวงห้วยขวาง เขตห้วยขวาง กรุงเทพฯ 10310,0105649095905,สำนักงานใหญ่,ลูกค้าทั่วไป,45 ถ.นิมมานเหมินท์ อ.เมือง จ.เชียงใหม่ 50200,0105501511702,สำนักงานใหญ่,Y,ครีมกันแดด SPF50 50 มล.,3,450.00,1350.00,94.50,1444.50
INV2611-0001,,2026-11-08,ใบกำกับภาษี/ใบเสร็จรับเงิน,บริษัท แพรว สกิน แล็บ จำกัด,99/9 ถ.พระราม 9 แขวงห้วยขวาง เขตห้วยขวาง กรุงเทพฯ 10310,0105649095905,สำนักงานใหญ่,นางสาวมาลี ใจดี,88/1 ม.3 ต.บางพลีใหญ่ อ.บางพลี จ.สมุทรปราการ 10540,,,N,โทนเนอร์ไฮยาลูรอน 150 มล.,4,320.00,1280.00,89.60,1369.60
INV2611-0008,,2026-11-09,ใบกำกับภาษี/ใบเสร็จรับเงิน,บริษัท แพรว สกิน แล็บ จำกัด,99/9 ถ.พระราม 9 แขวงห้วยขวาง เขตห้วยขวาง กรุงเทพฯ 10310,0105649095905,สำนักงานใหญ่,นายสมชาย รักษ์ดี,7 ซ.ลาดพร้าว 101 เขตบางกะปิ กรุงเทพฯ 10240,,,N,มาสก์หน้าแผ่น กล่อง 10 ชิ้น,0,290.00,290.00,20.30,310.30
INV2611-0009,,2026-11-10,ใบกำกับภาษี/ใบเสร็จรับเงิน,บริษัท แพรว สกิน แล็บ จำกัด,99/9 ถ.พระราม 9 แขวงห้วยขวาง เขตห้วยขวาง กรุงเทพฯ 10310,0105649095905,สำนักงานใหญ่,บริษัท โคราช เฮลท์ จำกัด,301 ถ.มิตรภาพ อ.เมือง จ.นครราชสีมา 30000,0105161750838,สำนักงานใหญ่,Y,คลีนเซอร์โฟม 100 มล.,2,250.00,535.00,,535.00
INV2611-0010,,2026-11-11,ใบกำกับภาษี/ใบเสร็จรับเงิน,บริษัท แพรว สกิน แล็บ จำกัด,99/9 ถ.พระราม 9 แขวงห้วยขวาง เขตห้วยขวาง กรุงเทพฯ 10310,0105649095905,สำนักงานใหญ่,บริษัท สยามบิวตี้ เทรดดิ้ง จำกัด,12 ถ.สุขุมวิท 21 เขตวัฒนา กรุงเทพฯ 10110,0105306492991,สำนักงานใหญ่,Y,เซรั่มวิตามินซี 30 มล.,3,390.00,1170.00,96.90,1251.90
INV2611-0011,,31/02/2569,ใบกำกับภาษี/ใบเสร็จรับเงิน,บริษัท แพรว สกิน แล็บ จำกัด,99/9 ถ.พระราม 9 แขวงห้วยขวาง เขตห้วยขวาง กรุงเทพฯ 10310,0105649095905,สำนักงานใหญ่,ห้างหุ้นส่วนจำกัด เชียงใหม่ ช็อป,45 ถ.นิมมานเหมินท์ อ.เมือง จ.เชียงใหม่ 50200,0105172869637,สำนักงานใหญ่,Y,ครีมกันแดด SPF50 50 มล.,4,450.00,1800.00,126.00,1926.00
INV2611-0012,,15/11/2569,ใบกำกับภาษี/ใบเสร็จรับเงิน,บริษัท แพรว สกิน แล็บ จำกัด,99/9 ถ.พระราม 9 แขวงห้วยขวาง เขตห้วยขวาง กรุงเทพฯ 10310,0105649095905,สำนักงานใหญ่,นางสาวมาลี ใจดี,88/1 ม.3 ต.บางพลีใหญ่ อ.บางพลี จ.สมุทรปราการ 10540,,,N,โทนเนอร์ไฮยาลูรอน 150 มล.,1,320.00,320.00,22.40,342.40
INV2611-0013,,2026-11-14,ใบกำกับภาษี/ใบเสร็จรับเงิน,บริษัท แพรว สกิน แล็บ จำกัด,99/9 ถ.พระราม 9 แขวงห้วยขวาง เขตห้วยขวาง กรุงเทพฯ 10310,0105649095905,,นายสมชาย รักษ์ดี,7 ซ.ลาดพร้าว 101 เขตบางกะปิ กรุงเทพฯ 10240,,,N,มาสก์หน้าแผ่น กล่อง 10 ชิ้น,2,290.00,580.00,40.60,620.60
INV2611-0014,,2026-11-15,ใบกำกับภาษี/ใบเสร็จรับเงิน,บริษัท แพรว สกิน แล็บ จำกัด,99/9 ถ.พระราม 9 แขวงห้วยขวาง เขตห้วยขวาง กรุงเทพฯ 10310,0105649095905,สาขาที่ 2,บริษัท โคราช เฮลท์ จำกัด,301 ถ.มิตรภาพ อ.เมือง จ.นครราชสีมา 30000,0105141341657,สำนักงานใหญ่,Y,คลีนเซอร์โฟม 100 มล.,3,250.00,750.00,52.50,802.50
INV2611-0015,,2026-11-16,ใบกำกับภาษี/ใบเสร็จรับเงิน,บริษัท แพรว สกิน แล็บ จำกัด,99/9 ถ.พระราม 9 แขวงห้วยขวาง เขตห้วยขวาง กรุงเทพฯ 10310,0105649095905,สำนักงานใหญ่,บริษัท สยามบิวตี้ เทรดดิ้ง จำกัด,12 ถ.สุขุมวิท 21 เขตวัฒนา กรุงเทพฯ 10110,,สำนักงานใหญ่,Y,เซรั่มวิตามินซี 30 มล.,4,390.00,1560.00,109.20,1669.20
INV2611-0016,,2026-11-17,ใบกำกับภาษี/ใบเสร็จรับเงิน,บริษัท แพรว สกิน แล็บ จำกัด,99/9 ถ.พระราม 9 แขวงห้วยขวาง เขตห้วยขวาง กรุงเทพฯ 10310,0105649095905,สำนักงานใหญ่,ห้างหุ้นส่วนจำกัด เชียงใหม่ ช็อป,45 ถ.นิมมานเหมินท์ อ.เมือง จ.เชียงใหม่ 50200,0105944736223,,Y,ครีมกันแดด SPF50 50 มล.,1,450.00,450.00,31.50,481.50
INV2611-0017,,2026-11-18,ใบกำกับภาษี/ใบเสร็จรับเงิน,บริษัท แพรว สกิน แล็บ จำกัด,99/9 ถ.พระราม 9 แขวงห้วยขวาง เขตห้วยขวาง กรุงเทพฯ 10310,0105649095905,สำนักงานใหญ่,นางสาวมาลี ใจดี,88/1 ม.3 ต.บางพลีใหญ่ อ.บางพลี จ.สมุทรปราการ 10540,,,N,โทนเนอร์ไฮยาลูรอน 150 มล.,2,320.00,640.00,44.80,684.80
INV2611-0018,,2026-11-19,ใบเสร็จ,บริษัท แพรว สกิน แล็บ จำกัด,99/9 ถ.พระราม 9 แขวงห้วยขวาง เขตห้วยขวาง กรุงเทพฯ 10310,0105649095905,สำนักงานใหญ่,นายสมชาย รักษ์ดี,-,,,N,มาสก์หน้าแผ่น กล่อง 10 ชิ้น,3,290.00,870.00,50.90,930.90
INV2611-0019,,2026-11-20,ใบกำกับภาษี/ใบเสร็จรับเงิน,บริษัท แพรว สกิน แล็บ จำกัด,99/9 ถ.พระราม 9 แขวงห้วยขวาง เขตห้วยขวาง กรุงเทพฯ 10310,0105649095905,HQ,บริษัท โคราช เฮลท์ จำกัด,301 ถ.มิตรภาพ อ.เมือง จ.นครราชสีมา 30000,0105311631561,สำนักงานใหญ่,Y,คลีนเซอร์โฟม 100 มล.,4,250.00,1000.00,70.00,1070.00
INV2611-0020,,2026-11-21,ใบกำกับภาษี/ใบเสร็จรับเงิน,บริษัท แพรว สกิน แล็บ จำกัด,99/9 ถ.พระราม 9 แขวงห้วยขวาง เขตห้วยขวาง กรุงเทพฯ 10310,0105649095905,00000,บริษัท สยามบิวตี้ เทรดดิ้ง จำกัด,12 ถ.สุขุมวิท 21 เขตวัฒนา กรุงเทพฯ 10110,0105131541165,สำนักงานใหญ่,Y,เซรั่มวิตามินซี 30 มล.,1,390.00,390.00,27.30,417.30
INV2611-0021,,2026-11-22,ใบกำกับภาษี/ใบเสร็จรับเงิน,บริษัท แพรว สกิน แล็บ จำกัด,99/9 ถ.พระราม 9 แขวงห้วยขวาง เขตห้วยขวาง กรุงเทพฯ 10310,0105649095905,สำนักงานใหญ่,ห้างหุ้นส่วนจำกัด เชียงใหม่ ช็อป,45 ถ.นิมมานเหมินท์ อ.เมือง จ.เชียงใหม่ 50200,0105070493808,สำนักงานใหญ่,Y,,2,450.00,900.00,63.00,963.00
INV2611-0022,,2026-11-23,ใบกำกับภาษี/ใบเสร็จรับเงิน,บริษัท แพรว สกิน แล็บ จำกัด,99/9 ถ.พระราม 9 แขวงห้วยขวาง เขตห้วยขวาง กรุงเทพฯ 10310,010564909590,สำนักงานใหญ่,นางสาวมาลี ใจดี,88/1 ม.3 ต.บางพลีใหญ่ อ.บางพลี จ.สมุทรปราการ 10540,,,N,โทนเนอร์ไฮยาลูรอน 150 มล.,3,320.00,960.00,67.20,1027.20
INV2611-0023,,2026-11-24,ใบกำกับภาษี/ใบเสร็จรับเงิน,บริษัท แพรว สกิน แล็บ จำกัด,99/9 ถ.พระราม 9 แขวงห้วยขวาง เขตห้วยขวาง กรุงเทพฯ 10310,0105649095905,สำนักงานใหญ่,บริษัท สยามบิวตี้ เทรดดิ้ง จำกัด,12 ถ.สุขุมวิท 21 เขตวัฒนา กรุงเทพฯ 10110,0105522501067,สำนักงานใหญ่,Y,มาสก์หน้าแผ่น กล่อง 10 ชิ้น,4,290.00,1160.00,81.20,1241.20
INV2611-0024,,2026-11-25,ใบกำกับภาษี/ใบเสร็จรับเงิน,บริษัท แพรว สกิน แล็บ จำกัด,99/9 ถ.พระราม 9 แขวงห้วยขวาง เขตห้วยขวาง กรุงเทพฯ 10310,0105649095905,สำนักงานใหญ่,บริษัท โคราช เฮลท์ จำกัด,301 ถ.มิตรภาพ อ.เมือง จ.นครราชสีมา 30000,0105684863972,สำนักงานใหญ่,Y,คลีนเซอร์โฟม 100 มล.,1,250.00,-390.00,17.50,267.50
INV2611-0025,,2026-11-26,ใบกำกับภาษี/ใบเสร็จรับเงิน,บริษัท แพรว สกิน แล็บ จำกัด,99/9 ถ.พระราม 9 แขวงห้วยขวาง เขตห้วยขวาง กรุงเทพฯ 10310,0105649095905,สำนักงานใหญ่,บริษัท สยามบิวตี้ เทรดดิ้ง จำกัด,12 ถ.สุขุมวิท 21 เขตวัฒนา กรุงเทพฯ 10110,0105300301450,สำนักงานใหญ่,Y,เซรั่มวิตามินซี 30 มล.,2,390.00,780.00,54.60,834.60
INV2611-0026,,2026-11-27,ใ บ กำ กั บ ภ า ษี,บริษัท แพรว สกิน แล็บ จำกัด,99/9 ถ.พระราม 9 แขวงห้วยขวาง เขตห้วยขวาง กรุงเทพฯ 10310,0105649095905,สำนักงานใหญ่,ห้างหุ้นส่วนจำกัด เชียงใหม่ ช็อป,45 ถ.นิมมานเหมินท์ อ.เมือง จ.เชียงใหม่ 50200,0105065666091,สำนักงานใหญ่,Y,ครีมกันแดด SPF50 50 มล.,3,450.00,1350.00,94.50,1444.50
INV2611-0027,,2026-11-28,ใบกำกับภาษี/ใบเสร็จรับเงิน,บริษัท แพรว สกิน แล็บ จำกัด,99/9 ถ.พระราม 9 แขวงห้วยขวาง เขตห้วยขวาง กรุงเทพฯ 10310,0105649095905,สำนักงานใหญ่,บริษัท สยามบิวตี้ เทรดดิ้ง จำกัด,12 ถ.สุขุมวิท 21 เขตวัฒนา กรุงเทพฯ 10110,0105345755476,Branch No. 3,Y,โทนเนอร์ไฮยาลูรอน 150 มล.,4,320.00,1280.00,89.60,1369.60
INV2611-0028,,,ใบกำกับภาษี/ใบเสร็จรับเงิน,บริษัท แพรว สกิน แล็บ จำกัด,99/9 ถ.พระราม 9 แขวงห้วยขวาง เขตห้วยขวาง กรุงเทพฯ 10310,0105649095905,สำนักงานใหญ่,นายสมชาย รักษ์ดี,7 ซ.ลาดพร้าว 101 เขตบางกะปิ กรุงเทพฯ 10240,,,N,มาสก์หน้าแผ่น กล่อง 10 ชิ้น,1,290.00,290.00,20.30,310.30
INV2611-0029,,2026-11-02,ใบกำกับภาษี/ใบเสร็จรับเงิน,บริษัท แพรว สกิน แล็บ จำกัด,99/9 ถ.พระราม 9 แขวงห้วยขวาง เขตห้วยขวาง กรุงเทพฯ 10310,0105649095905,สำนักงานใหญ่,บริษัท โคราช เฮลท์ จำกัด,301 ถ.มิตรภาพ อ.เมือง จ.นครราชสีมา 30000,0105624395123,สำนักงานใหญ่,Y,คลีนเซอร์โฟม 100 มล.,2,250.00,500.00,35.00,535.00
INV2611-0030,,2026-11-03,ใบกำกับภาษี/ใบเสร็จรับเงิน,บริษัท แพรว สกิน แล็บ จำกัด,,0105649095905,สำนักงานใหญ่,บริษัท สยามบิวตี้ เทรดดิ้ง จำกัด,12 ถ.สุขุมวิท 21 เขตวัฒนา กรุงเทพฯ 10110,0105165632554,สำนักงานใหญ่,Y,เซรั่มวิตามินซี 30 มล.,3,390.00,1170.00,81.90,1251.90
